Image ID,Image name,Annotation status,Points,Coral,Other invertebrate,Sand,All other,Other,CCA (crustose coralline algae),Macroalgae,Turf algae
5235635,DHFM_02102025_0001_ (10).JPG,Confirmed,10,20.000,0.000,0.000,0.000,0.000,0.000,0.000,80.000
5235638,DHFM_02102025_0001_ (11).JPG,Confirmed,10,0.000,0.000,0.000,0.000,0.000,0.000,10.000,90.000
5235641,DHFM_02102025_0001_ (12).JPG,Confirmed,10,0.000,0.000,0.000,0.000,0.000,0.000,30.000,70.000
5235644,DHFM_02102025_0001_ (13).JPG,Confirmed,10,0.000,0.000,0.000,0.000,0.000,0.000,10.000,90.000
5235646,DHFM_02102025_0001_ (14).JPG,Confirmed,10,0.000,0.000,0.000,0.000,0.000,0.000,20.000,80.000
5235648,DHFM_02102025_0001_ (15).JPG,Confirmed,10,0.000,0.000,0.000,0.000,0.000,0.000,10.000,90.000
5235650,DHFM_02102025_0001_ (16).JPG,Confirmed,10,0.000,0.000,0.000,0.000,0.000,0.000,20.000,80.000
5235653,DHFM_02102025_0001_ (17).JPG,Confirmed,10,0.000,0.000,0.000,0.000,0.000,0.000,10.000,90.000
5235655,DHFM_02102025_0001_ (18).JPG,Confirmed,10,0.000,0.000,0.000,0.000,0.000,0.000,30.000,70.000
5235658,DHFM_02102025_0001_ (19).JPG,Confirmed,10,0.000,0.000,0.000,0.000,0.000,0.000,20.000,80.000
5235611,DHFM_02102025_0001_ (1).JPG,Confirmed,10,0.000,0.000,0.000,0.000,0.000,0.000,30.000,70.000
5235660,DHFM_02102025_0001_ (20).JPG,Confirmed,10,0.000,0.000,0.000,0.000,0.000,0.000,30.000,70.000
5235663,DHFM_02102025_0001_ (21).JPG,Confirmed,10,0.000,0.000,0.000,0.000,0.000,0.000,90.000,10.000
5235665,DHFM_02102025_0001_ (22).JPG,Confirmed,10,0.000,0.000,0.000,0.000,0.000,0.000,50.000,50.000
5235667,DHFM_02102025_0001_ (23).JPG,Confirmed,10,0.000,0.000,0.000,0.000,0.000,0.000,30.000,70.000
5235670,DHFM_02102025_0001_ (24).JPG,Confirmed,10,0.000,0.000,0.000,0.000,0.000,0.000,0.000,100.000
5235671,DHFM_02102025_0001_ (25).JPG,Confirmed,10,0.000,0.000,0.000,0.000,0.000,0.000,60.000,40.000
5235674,DHFM_02102025_0001_ (26).JPG,Confirmed,10,0.000,0.000,0.000,0.000,0.000,0.000,30.000,70.000
5235613,DHFM_02102025_0001_ (2).JPG,Confirmed,10,0.000,0.000,0.000,0.000,0.000,0.000,0.000,100.000
5235615,DHFM_02102025_0001_ (3).JPG,Confirmed,10,0.000,0.000,0.000,0.000,0.000,0.000,30.000,70.000
5235618,DHFM_02102025_0001_ (4).JPG,Confirmed,10,0.000,0.000,0.000,0.000,0.000,0.000,40.000,60.000
5235620,DHFM_02102025_0001_ (5).JPG,Confirmed,10,0.000,0.000,0.000,0.000,0.000,0.000,30.000,70.000
5235622,DHFM_02102025_0001_ (6).JPG,Confirmed,10,20.000,0.000,0.000,0.000,0.000,0.000,30.000,50.000
5235625,DHFM_02102025_0001_ (7).JPG,Confirmed,10,0.000,0.000,0.000,0.000,0.000,0.000,0.000,100.000
5235628,DHFM_02102025_0001_ (8).JPG,Confirmed,10,10.000,0.000,0.000,0.000,0.000,0.000,0.000,90.000
5235632,DHFM_02102025_0001_ (9).JPG,Confirmed,10,20.000,0.000,0.000,0.000,0.000,0.000,0.000,80.000
5235357,DHFM_02102025_0004_ (10).JPG,Confirmed,10,0.000,0.000,80.000,0.000,0.000,0.000,10.000,10.000
5235360,DHFM_02102025_0004_ (11).JPG,Confirmed,10,0.000,0.000,0.000,0.000,0.000,0.000,20.000,80.000
5235363,DHFM_02102025_0004_ (12).JPG,Confirmed,10,0.000,0.000,50.000,0.000,0.000,0.000,40.000,10.000
5235365,DHFM_02102025_0004_ (13).JPG,Confirmed,10,0.000,0.000,100.000,0.000,0.000,0.000,0.000,0.000
5235368,DHFM_02102025_0004_ (14).JPG,Confirmed,10,0.000,0.000,90.000,0.000,10.000,0.000,0.000,0.000
5235371,DHFM_02102025_0004_ (15).JPG,Confirmed,10,0.000,0.000,100.000,0.000,0.000,0.000,0.000,0.000
5235373,DHFM_02102025_0004_ (16).JPG,Confirmed,10,0.000,0.000,90.000,0.000,0.000,0.000,0.000,10.000
5235375,DHFM_02102025_0004_ (17).JPG,Confirmed,10,0.000,0.000,70.000,0.000,0.000,0.000,20.000,10.000
5235377,DHFM_02102025_0004_ (18).JPG,Confirmed,10,0.000,0.000,100.000,0.000,0.000,0.000,0.000,0.000
5235379,DHFM_02102025_0004_ (19).JPG,Confirmed,10,0.000,0.000,0.000,0.000,0.000,0.000,0.000,100.000
5235327,DHFM_02102025_0004_ (1).JPG,Confirmed,10,0.000,0.000,0.000,0.000,0.000,20.000,10.000,70.000
5235381,DHFM_02102025_0004_ (20).JPG,Confirmed,10,0.000,0.000,30.000,0.000,0.000,0.000,30.000,40.000
5235383,DHFM_02102025_0004_ (21).JPG,Confirmed,10,0.000,0.000,0.000,0.000,10.000,0.000,40.000,50.000
5235385,DHFM_02102025_0004_ (22).JPG,Confirmed,10,0.000,0.000,40.000,0.000,0.000,0.000,0.000,60.000
5235389,DHFM_02102025_0004_ (23).JPG,Confirmed,10,0.000,0.000,0.000,0.000,0.000,10.000,10.000,80.000
5235392,DHFM_02102025_0004_ (24).JPG,Confirmed,10,0.000,0.000,50.000,0.000,0.000,0.000,20.000,30.000
5235395,DHFM_02102025_0004_ (25).JPG,Confirmed,10,0.000,0.000,20.000,0.000,0.000,0.000,20.000,60.000
5235331,DHFM_02102025_0004_ (2).JPG,Confirmed,10,0.000,0.000,0.000,0.000,0.000,0.000,0.000,100.000
5235333,DHFM_02102025_0004_ (3).JPG,Confirmed,10,0.000,0.000,50.000,0.000,0.000,0.000,10.000,40.000
5235337,DHFM_02102025_0004_ (4).JPG,Confirmed,10,0.000,0.000,20.000,0.000,0.000,0.000,0.000,80.000
5235341,DHFM_02102025_0004_ (5).JPG,Confirmed,10,0.000,0.000,0.000,0.000,0.000,30.000,10.000,60.000
5235344,DHFM_02102025_0004_ (6).JPG,Confirmed,10,0.000,0.000,10.000,0.000,0.000,10.000,20.000,60.000
5235348,DHFM_02102025_0004_ (7).JPG,Confirmed,10,20.000,0.000,0.000,0.000,0.000,0.000,0.000,80.000
5235351,DHFM_02102025_0004_ (8).JPG,Confirmed,10,0.000,0.000,0.000,0.000,0.000,0.000,0.000,100.000
5235354,DHFM_02102025_0004_ (9).JPG,Confirmed,10,0.000,0.000,0.000,0.000,0.000,20.000,0.000,80.000
5235031,DHFM_02102025_0005_ (10).JPG,Confirmed,10,0.000,0.000,0.000,0.000,0.000,0.000,20.000,80.000
5235035,DHFM_02102025_0005_ (11).JPG,Confirmed,10,0.000,0.000,0.000,0.000,10.000,0.000,0.000,90.000
5235038,DHFM_02102025_0005_ (12).JPG,Confirmed,10,0.000,0.000,0.000,0.000,0.000,20.000,30.000,50.000
5235042,DHFM_02102025_0005_ (13).JPG,Confirmed,10,0.000,0.000,0.000,0.000,0.000,0.000,10.000,90.000
5235046,DHFM_02102025_0005_ (14).JPG,Confirmed,10,0.000,0.000,10.000,0.000,0.000,0.000,0.000,90.000
5235051,DHFM_02102025_0005_ (15).JPG,Confirmed,10,0.000,0.000,0.000,0.000,0.000,0.000,20.000,80.000
5235054,DHFM_02102025_0005_ (16).JPG,Confirmed,10,0.000,0.000,0.000,0.000,0.000,0.000,30.000,70.000
5235059,DHFM_02102025_0005_ (17).JPG,Confirmed,10,0.000,0.000,10.000,0.000,0.000,0.000,10.000,80.000
5235063,DHFM_02102025_0005_ (18).JPG,Confirmed,10,0.000,0.000,0.000,0.000,0.000,0.000,0.000,100.000
5235067,DHFM_02102025_0005_ (19).JPG,Confirmed,10,0.000,0.000,0.000,0.000,0.000,0.000,10.000,90.000
5235008,DHFM_02102025_0005_ (1).JPG,Confirmed,10,0.000,10.000,10.000,0.000,0.000,20.000,0.000,60.000
5235071,DHFM_02102025_0005_ (20).JPG,Confirmed,10,0.000,0.000,0.000,0.000,0.000,0.000,0.000,100.000
5235076,DHFM_02102025_0005_ (21).JPG,Confirmed,10,0.000,0.000,0.000,0.000,0.000,0.000,30.000,70.000
5235081,DHFM_02102025_0005_ (22).JPG,Confirmed,10,0.000,0.000,40.000,0.000,0.000,0.000,0.000,60.000
5235084,DHFM_02102025_0005_ (23).JPG,Confirmed,10,0.000,0.000,10.000,0.000,0.000,0.000,10.000,80.000
5235088,DHFM_02102025_0005_ (24).JPG,Confirmed,10,0.000,0.000,0.000,0.000,0.000,10.000,0.000,90.000
5235092,DHFM_02102025_0005_ (25).JPG,Confirmed,10,0.000,0.000,0.000,0.000,0.000,0.000,10.000,90.000
5235094,DHFM_02102025_0005_ (26).JPG,Confirmed,10,0.000,0.000,0.000,0.000,0.000,10.000,10.000,80.000
5235009,DHFM_02102025_0005_ (2).JPG,Confirmed,10,0.000,0.000,0.000,0.000,0.000,0.000,10.000,90.000
5235011,DHFM_02102025_0005_ (3).JPG,Confirmed,10,0.000,0.000,0.000,0.000,0.000,0.000,30.000,70.000
5235013,DHFM_02102025_0005_ (4).JPG,Confirmed,10,0.000,0.000,0.000,0.000,0.000,0.000,0.000,100.000
5235014,DHFM_02102025_0005_ (5).JPG,Confirmed,10,0.000,0.000,10.000,0.000,0.000,0.000,10.000,80.000
5235016,DHFM_02102025_0005_ (6).JPG,Confirmed,10,0.000,0.000,10.000,0.000,0.000,0.000,0.000,90.000
5235018,DHFM_02102025_0005_ (7).JPG,Confirmed,10,0.000,0.000,0.000,0.000,0.000,0.000,10.000,90.000
5235020,DHFM_02102025_0005_ (8).JPG,Confirmed,10,0.000,0.000,0.000,0.000,0.000,0.000,40.000,60.000
5235026,DHFM_02102025_0005_ (9).JPG,Confirmed,10,0.000,0.000,20.000,0.000,0.000,0.000,10.000,70.000
5234670,DHFM_02102025_0009_ (10).JPG,Confirmed,10,0.000,0.000,0.000,0.000,0.000,0.000,10.000,90.000
5234671,DHFM_02102025_0009_ (11).JPG,Confirmed,10,0.000,0.000,0.000,0.000,0.000,10.000,10.000,80.000
5234672,DHFM_02102025_0009_ (12).JPG,Confirmed,10,0.000,0.000,0.000,0.000,0.000,20.000,0.000,80.000
5234674,DHFM_02102025_0009_ (13).JPG,Confirmed,10,0.000,0.000,0.000,0.000,0.000,0.000,0.000,100.000
5234677,DHFM_02102025_0009_ (14).JPG,Confirmed,10,0.000,0.000,0.000,0.000,0.000,0.000,20.000,80.000
5234680,DHFM_02102025_0009_ (15).JPG,Confirmed,10,0.000,0.000,0.000,0.000,0.000,0.000,0.000,100.000
5234683,DHFM_02102025_0009_ (16).JPG,Confirmed,10,0.000,0.000,0.000,0.000,10.000,0.000,10.000,80.000
5234685,DHFM_02102025_0009_ (17).JPG,Confirmed,10,0.000,0.000,10.000,0.000,0.000,0.000,10.000,80.000
5234689,DHFM_02102025_0009_ (18).JPG,Confirmed,10,0.000,0.000,10.000,0.000,0.000,10.000,0.000,80.000
5234693,DHFM_02102025_0009_ (19).JPG,Confirmed,10,0.000,0.000,0.000,0.000,0.000,0.000,0.000,100.000
5234661,DHFM_02102025_0009_ (1).JPG,Confirmed,10,0.000,0.000,0.000,0.000,0.000,10.000,0.000,90.000
5234697,DHFM_02102025_0009_ (20).JPG,Confirmed,10,0.000,0.000,0.000,0.000,0.000,0.000,0.000,100.000
5234701,DHFM_02102025_0009_ (21).JPG,Confirmed,10,0.000,0.000,0.000,0.000,0.000,0.000,10.000,90.000
5234704,DHFM_02102025_0009_ (22).JPG,Confirmed,10,0.000,0.000,0.000,0.000,0.000,0.000,10.000,90.000
5234708,DHFM_02102025_0009_ (23).JPG,Confirmed,10,0.000,0.000,0.000,0.000,0.000,0.000,0.000,100.000
5234711,DHFM_02102025_0009_ (24).JPG,Confirmed,10,0.000,0.000,0.000,0.000,0.000,0.000,0.000,100.000
5234715,DHFM_02102025_0009_ (25).JPG,Confirmed,10,0.000,0.000,0.000,0.000,0.000,10.000,10.000,80.000
5234717,DHFM_02102025_0009_ (26).JPG,Confirmed,10,0.000,0.000,0.000,0.000,0.000,0.000,40.000,60.000
5234662,DHFM_02102025_0009_ (2).JPG,Confirmed,10,0.000,0.000,0.000,0.000,0.000,0.000,20.000,80.000
5234663,DHFM_02102025_0009_ (3).JPG,Confirmed,10,0.000,0.000,0.000,0.000,0.000,30.000,0.000,70.000
5234664,DHFM_02102025_0009_ (4).JPG,Confirmed,10,30.000,0.000,0.000,0.000,0.000,0.000,0.000,70.000
5234665,DHFM_02102025_0009_ (5).JPG,Confirmed,10,0.000,0.000,0.000,0.000,0.000,0.000,0.000,100.000
5234666,DHFM_02102025_0009_ (6).JPG,Confirmed,10,0.000,0.000,20.000,0.000,0.000,0.000,0.000,80.000
5234667,DHFM_02102025_0009_ (7).JPG,Confirmed,10,0.000,0.000,0.000,0.000,0.000,0.000,0.000,100.000
5234668,DHFM_02102025_0009_ (8).JPG,Confirmed,10,0.000,0.000,0.000,0.000,0.000,0.000,0.000,100.000
5234669,DHFM_02102025_0009_ (9).JPG,Confirmed,10,0.000,0.000,0.000,0.000,0.000,0.000,0.000,100.000
5234639,DHFM_02102025_0010_ (10).JPG,Confirmed,10,0.000,0.000,0.000,0.000,0.000,0.000,0.000,100.000
5234640,DHFM_02102025_0010_ (11).JPG,Confirmed,10,0.000,0.000,0.000,0.000,0.000,0.000,0.000,100.000
5234641,DHFM_02102025_0010_ (12).JPG,Confirmed,10,0.000,0.000,0.000,0.000,0.000,0.000,0.000,100.000
5234642,DHFM_02102025_0010_ (13).JPG,Confirmed,10,0.000,0.000,0.000,0.000,0.000,0.000,10.000,90.000
5234643,DHFM_02102025_0010_ (14).JPG,Confirmed,10,0.000,0.000,0.000,0.000,0.000,0.000,0.000,100.000
5234644,DHFM_02102025_0010_ (15).JPG,Confirmed,10,0.000,10.000,0.000,0.000,0.000,0.000,0.000,90.000
5234645,DHFM_02102025_0010_ (16).JPG,Confirmed,10,0.000,0.000,0.000,0.000,0.000,20.000,0.000,80.000
5234646,DHFM_02102025_0010_ (17).JPG,Confirmed,10,0.000,0.000,0.000,0.000,0.000,0.000,0.000,100.000
5234647,DHFM_02102025_0010_ (18).JPG,Confirmed,10,0.000,0.000,0.000,0.000,0.000,0.000,0.000,100.000
5234649,DHFM_02102025_0010_ (19).JPG,Confirmed,10,0.000,0.000,0.000,0.000,0.000,0.000,0.000,100.000
5234630,DHFM_02102025_0010_ (1).JPG,Confirmed,10,0.000,0.000,0.000,0.000,0.000,0.000,0.000,100.000
5234652,DHFM_02102025_0010_ (20).JPG,Confirmed,10,0.000,10.000,0.000,0.000,0.000,0.000,0.000,90.000
5234654,DHFM_02102025_0010_ (21).JPG,Confirmed,10,0.000,0.000,0.000,0.000,0.000,0.000,10.000,90.000
5234656,DHFM_02102025_0010_ (22).JPG,Confirmed,10,0.000,0.000,0.000,0.000,0.000,0.000,0.000,100.000
5234657,DHFM_02102025_0010_ (23).JPG,Confirmed,10,20.000,0.000,0.000,0.000,0.000,0.000,0.000,80.000
5234658,DHFM_02102025_0010_ (24).JPG,Confirmed,10,0.000,0.000,0.000,0.000,0.000,0.000,0.000,100.000
5234659,DHFM_02102025_0010_ (25).JPG,Confirmed,10,0.000,0.000,0.000,0.000,0.000,0.000,0.000,100.000
5234660,DHFM_02102025_0010_ (26).JPG,Confirmed,10,0.000,0.000,10.000,0.000,0.000,10.000,0.000,80.000
5234631,DHFM_02102025_0010_ (2).JPG,Confirmed,10,0.000,0.000,0.000,0.000,0.000,0.000,0.000,100.000
5234632,DHFM_02102025_0010_ (3).JPG,Confirmed,10,0.000,0.000,0.000,0.000,0.000,0.000,10.000,90.000
5234633,DHFM_02102025_0010_ (4).JPG,Confirmed,10,0.000,0.000,0.000,0.000,0.000,0.000,0.000,100.000
5234634,DHFM_02102025_0010_ (5).JPG,Confirmed,10,0.000,0.000,30.000,0.000,0.000,0.000,0.000,70.000
5234635,DHFM_02102025_0010_ (6).JPG,Confirmed,10,0.000,10.000,0.000,0.000,0.000,0.000,0.000,90.000
5234636,DHFM_02102025_0010_ (7).JPG,Confirmed,10,0.000,0.000,10.000,0.000,0.000,0.000,0.000,90.000
5234637,DHFM_02102025_0010_ (8).JPG,Confirmed,10,0.000,0.000,0.000,0.000,0.000,0.000,0.000,100.000
5234638,DHFM_02102025_0010_ (9).JPG,Confirmed,10,0.000,30.000,0.000,0.000,0.000,10.000,0.000,60.000
5235509,DHFM_02102025_0011_ (10).JPG,Confirmed,10,0.000,0.000,10.000,0.000,0.000,0.000,0.000,90.000
5235511,DHFM_02102025_0011_ (11).JPG,Confirmed,10,0.000,0.000,90.000,0.000,0.000,10.000,0.000,0.000
5235513,DHFM_02102025_0011_ (12).JPG,Confirmed,10,0.000,0.000,10.000,0.000,0.000,0.000,0.000,90.000
5235516,DHFM_02102025_0011_ (13).JPG,Confirmed,10,0.000,0.000,10.000,0.000,0.000,10.000,10.000,70.000
5235519,DHFM_02102025_0011_ (14).JPG,Confirmed,10,0.000,0.000,20.000,0.000,0.000,0.000,50.000,30.000
5235521,DHFM_02102025_0011_ (15).JPG,Confirmed,10,0.000,0.000,20.000,0.000,0.000,0.000,30.000,50.000
5235523,DHFM_02102025_0011_ (16).JPG,Confirmed,10,0.000,0.000,50.000,0.000,0.000,0.000,20.000,30.000
5235525,DHFM_02102025_0011_ (17).JPG,Confirmed,10,0.000,0.000,10.000,0.000,0.000,0.000,0.000,90.000
5235527,DHFM_02102025_0011_ (18).JPG,Confirmed,10,0.000,0.000,20.000,0.000,0.000,0.000,30.000,50.000
5235529,DHFM_02102025_0011_ (19).JPG,Confirmed,10,0.000,0.000,0.000,0.000,0.000,0.000,0.000,100.000
5235492,DHFM_02102025_0011_ (1).JPG,Confirmed,10,0.000,10.000,0.000,0.000,0.000,0.000,0.000,90.000
5235531,DHFM_02102025_0011_ (20).JPG,Confirmed,10,0.000,0.000,10.000,0.000,0.000,0.000,0.000,90.000
5235533,DHFM_02102025_0011_ (21).JPG,Confirmed,10,0.000,0.000,30.000,0.000,0.000,0.000,0.000,70.000
5235535,DHFM_02102025_0011_ (22).JPG,Confirmed,10,0.000,10.000,0.000,0.000,0.000,0.000,0.000,90.000
5235537,DHFM_02102025_0011_ (23).JPG,Confirmed,10,0.000,0.000,40.000,0.000,0.000,0.000,0.000,60.000
5235539,DHFM_02102025_0011_ (24).JPG,Confirmed,10,0.000,0.000,50.000,0.000,0.000,0.000,0.000,50.000
5235542,DHFM_02102025_0011_ (25).JPG,Confirmed,10,0.000,0.000,0.000,0.000,0.000,0.000,20.000,80.000
5235544,DHFM_02102025_0011_ (26).JPG,Confirmed,10,0.000,0.000,0.000,0.000,0.000,0.000,0.000,100.000
5235494,DHFM_02102025_0011_ (2).JPG,Confirmed,10,0.000,0.000,0.000,0.000,10.000,0.000,0.000,90.000
5235496,DHFM_02102025_0011_ (3).JPG,Confirmed,10,0.000,0.000,90.000,0.000,10.000,0.000,0.000,0.000
5235498,DHFM_02102025_0011_ (4).JPG,Confirmed,10,0.000,0.000,50.000,0.000,0.000,0.000,20.000,30.000
5235500,DHFM_02102025_0011_ (5).JPG,Confirmed,10,0.000,0.000,70.000,0.000,0.000,0.000,0.000,30.000
5235501,DHFM_02102025_0011_ (6).JPG,Confirmed,10,0.000,0.000,20.000,0.000,0.000,0.000,20.000,60.000
5235503,DHFM_02102025_0011_ (7).JPG,Confirmed,10,0.000,0.000,20.000,0.000,0.000,10.000,0.000,70.000
5235505,DHFM_02102025_0011_ (8).JPG,Confirmed,10,0.000,0.000,20.000,0.000,0.000,10.000,10.000,60.000
5235507,DHFM_02102025_0011_ (9).JPG,Confirmed,10,0.000,0.000,10.000,0.000,10.000,0.000,0.000,80.000
5234883,DHFM_02102025_0014_ (10).JPG,Confirmed,10,0.000,0.000,0.000,0.000,0.000,40.000,10.000,50.000
5234885,DHFM_02102025_0014_ (11).JPG,Confirmed,10,10.000,0.000,10.000,0.000,0.000,70.000,0.000,10.000
5234889,DHFM_02102025_0014_ (12).JPG,Confirmed,10,0.000,0.000,20.000,0.000,0.000,20.000,0.000,60.000
5234891,DHFM_02102025_0014_ (13).JPG,Confirmed,10,20.000,0.000,70.000,0.000,0.000,0.000,0.000,10.000
5234894,DHFM_02102025_0014_ (14).JPG,Confirmed,10,0.000,0.000,0.000,0.000,0.000,0.000,0.000,100.000
5234897,DHFM_02102025_0014_ (15).JPG,Confirmed,10,0.000,10.000,0.000,0.000,0.000,30.000,0.000,60.000
5234901,DHFM_02102025_0014_ (16).JPG,Confirmed,10,0.000,0.000,0.000,0.000,0.000,30.000,0.000,70.000
5234905,DHFM_02102025_0014_ (17).JPG,Confirmed,10,0.000,0.000,0.000,0.000,0.000,10.000,0.000,90.000
5234908,DHFM_02102025_0014_ (18).JPG,Confirmed,10,0.000,0.000,0.000,0.000,0.000,40.000,10.000,50.000
5234912,DHFM_02102025_0014_ (19).JPG,Confirmed,10,0.000,0.000,0.000,0.000,0.000,10.000,20.000,70.000
5234870,DHFM_02102025_0014_ (1).JPG,Confirmed,10,0.000,0.000,0.000,0.000,0.000,0.000,0.000,100.000
5234917,DHFM_02102025_0014_ (20).JPG,Confirmed,10,0.000,0.000,0.000,0.000,0.000,20.000,0.000,80.000
5234920,DHFM_02102025_0014_ (21).JPG,Confirmed,10,0.000,0.000,0.000,0.000,0.000,0.000,0.000,100.000
5234924,DHFM_02102025_0014_ (22).JPG,Confirmed,10,20.000,0.000,0.000,0.000,0.000,40.000,0.000,40.000
5234928,DHFM_02102025_0014_ (23).JPG,Confirmed,10,0.000,0.000,0.000,0.000,0.000,50.000,0.000,50.000
5234930,DHFM_02102025_0014_ (24).JPG,Confirmed,10,0.000,0.000,0.000,0.000,0.000,0.000,10.000,90.000
5234934,DHFM_02102025_0014_ (25).JPG,Confirmed,10,0.000,0.000,0.000,0.000,0.000,0.000,10.000,90.000
5234938,DHFM_02102025_0014_ (26).JPG,Confirmed,10,0.000,0.000,0.000,0.000,0.000,0.000,0.000,100.000
5234872,DHFM_02102025_0014_ (2).JPG,Confirmed,10,0.000,0.000,0.000,0.000,10.000,0.000,0.000,90.000
5234873,DHFM_02102025_0014_ (3).JPG,Confirmed,10,10.000,0.000,0.000,0.000,0.000,20.000,10.000,60.000
5234874,DHFM_02102025_0014_ (4).JPG,Confirmed,10,0.000,0.000,0.000,0.000,0.000,20.000,0.000,80.000
5234876,DHFM_02102025_0014_ (5).JPG,Confirmed,10,20.000,0.000,0.000,0.000,0.000,0.000,0.000,80.000
5234877,DHFM_02102025_0014_ (6).JPG,Confirmed,10,0.000,0.000,0.000,0.000,0.000,20.000,10.000,70.000
5234879,DHFM_02102025_0014_ (7).JPG,Confirmed,10,20.000,0.000,10.000,0.000,0.000,30.000,0.000,40.000
5234880,DHFM_02102025_0014_ (8).JPG,Confirmed,10,10.000,0.000,0.000,0.000,0.000,10.000,0.000,80.000
5234882,DHFM_02102025_0014_ (9).JPG,Confirmed,10,0.000,0.000,0.000,0.000,0.000,0.000,10.000,90.000
5235864,DHFM_03192025_0007_ (10).JPG,Confirmed,10,0.000,10.000,0.000,0.000,0.000,0.000,0.000,90.000
5235865,DHFM_03192025_0007_ (11).JPG,Confirmed,10,0.000,10.000,0.000,0.000,0.000,0.000,0.000,90.000
5235866,DHFM_03192025_0007_ (12).JPG,Confirmed,10,0.000,0.000,30.000,0.000,0.000,0.000,10.000,60.000
5235867,DHFM_03192025_0007_ (13).JPG,Confirmed,10,0.000,0.000,60.000,0.000,0.000,0.000,10.000,30.000
5235868,DHFM_03192025_0007_ (14).JPG,Confirmed,10,0.000,0.000,80.000,0.000,0.000,0.000,0.000,20.000
5235870,DHFM_03192025_0007_ (15).JPG,Confirmed,10,0.000,0.000,50.000,0.000,0.000,0.000,10.000,40.000
5235871,DHFM_03192025_0007_ (16).JPG,Confirmed,10,0.000,0.000,20.000,0.000,0.000,0.000,0.000,80.000
5235872,DHFM_03192025_0007_ (17).JPG,Confirmed,10,0.000,0.000,10.000,0.000,0.000,0.000,10.000,80.000
5235873,DHFM_03192025_0007_ (18).JPG,Confirmed,10,0.000,0.000,20.000,0.000,0.000,0.000,0.000,80.000
5235874,DHFM_03192025_0007_ (19).JPG,Confirmed,10,0.000,0.000,0.000,0.000,0.000,0.000,0.000,100.000
5235854,DHFM_03192025_0007_ (1).JPG,Confirmed,10,0.000,0.000,20.000,0.000,0.000,0.000,0.000,80.000
5235875,DHFM_03192025_0007_ (20).JPG,Confirmed,10,0.000,0.000,0.000,0.000,0.000,0.000,0.000,100.000
5235876,DHFM_03192025_0007_ (21).JPG,Confirmed,10,0.000,0.000,0.000,0.000,0.000,0.000,0.000,100.000
5235877,DHFM_03192025_0007_ (22).JPG,Confirmed,10,0.000,0.000,10.000,0.000,0.000,0.000,0.000,90.000
5235878,DHFM_03192025_0007_ (23).JPG,Confirmed,10,0.000,0.000,90.000,0.000,0.000,0.000,0.000,10.000
5235880,DHFM_03192025_0007_ (24).JPG,Confirmed,10,0.000,0.000,10.000,0.000,0.000,0.000,0.000,90.000
5235881,DHFM_03192025_0007_ (25).JPG,Confirmed,10,0.000,0.000,20.000,0.000,0.000,0.000,0.000,80.000
5235882,DHFM_03192025_0007_ (26).JPG,Confirmed,10,0.000,0.000,10.000,0.000,0.000,0.000,10.000,80.000
5235855,DHFM_03192025_0007_ (2).JPG,Confirmed,10,0.000,10.000,0.000,0.000,0.000,0.000,0.000,90.000
5235856,DHFM_03192025_0007_ (3).JPG,Confirmed,10,0.000,0.000,0.000,0.000,0.000,0.000,0.000,100.000
5235857,DHFM_03192025_0007_ (4).JPG,Confirmed,10,0.000,10.000,0.000,0.000,0.000,0.000,0.000,90.000
5235859,DHFM_03192025_0007_ (5).JPG,Confirmed,10,0.000,0.000,10.000,0.000,0.000,0.000,0.000,90.000
5235860,DHFM_03192025_0007_ (6).JPG,Confirmed,10,0.000,0.000,10.000,0.000,0.000,0.000,10.000,80.000
5235861,DHFM_03192025_0007_ (7).JPG,Confirmed,10,0.000,0.000,30.000,0.000,0.000,0.000,0.000,70.000
5235862,DHFM_03192025_0007_ (8).JPG,Confirmed,10,0.000,0.000,10.000,0.000,10.000,0.000,10.000,70.000
5235863,DHFM_03192025_0007_ (9).JPG,Confirmed,10,0.000,0.000,0.000,0.000,0.000,0.000,0.000,100.000
5236709,DHFM_03192025_0008_ (10).JPG,Confirmed,10,30.000,0.000,0.000,0.000,0.000,0.000,0.000,70.000
5236710,DHFM_03192025_0008_ (11).JPG,Confirmed,10,0.000,0.000,0.000,0.000,0.000,0.000,0.000,100.000
5236711,DHFM_03192025_0008_ (12).JPG,Confirmed,10,0.000,0.000,20.000,0.000,0.000,0.000,0.000,80.000
5236712,DHFM_03192025_0008_ (13).JPG,Confirmed,10,0.000,0.000,10.000,0.000,0.000,0.000,0.000,90.000
5236713,DHFM_03192025_0008_ (14).JPG,Confirmed,10,10.000,0.000,0.000,0.000,0.000,0.000,0.000,90.000
5236714,DHFM_03192025_0008_ (15).JPG,Confirmed,10,10.000,0.000,0.000,0.000,0.000,0.000,0.000,90.000
5236715,DHFM_03192025_0008_ (16).JPG,Confirmed,10,10.000,0.000,0.000,0.000,0.000,0.000,0.000,90.000
5236716,DHFM_03192025_0008_ (17).JPG,Confirmed,10,0.000,10.000,0.000,0.000,0.000,0.000,0.000,90.000
5236717,DHFM_03192025_0008_ (18).JPG,Confirmed,10,0.000,0.000,0.000,0.000,0.000,0.000,0.000,100.000
5236718,DHFM_03192025_0008_ (19).JPG,Confirmed,10,0.000,0.000,0.000,0.000,0.000,0.000,0.000,100.000
5236700,DHFM_03192025_0008_ (1).JPG,Confirmed,10,20.000,0.000,0.000,0.000,0.000,20.000,0.000,60.000
5236719,DHFM_03192025_0008_ (20).JPG,Confirmed,10,0.000,0.000,0.000,0.000,0.000,0.000,0.000,100.000
5236720,DHFM_03192025_0008_ (21).JPG,Confirmed,10,10.000,0.000,0.000,0.000,0.000,0.000,0.000,90.000
5236721,DHFM_03192025_0008_ (22).JPG,Confirmed,10,0.000,0.000,0.000,0.000,0.000,0.000,0.000,100.000
5236722,DHFM_03192025_0008_ (23).JPG,Confirmed,10,0.000,10.000,30.000,0.000,0.000,0.000,0.000,60.000
5236723,DHFM_03192025_0008_ (24).JPG,Confirmed,10,0.000,0.000,0.000,0.000,0.000,10.000,0.000,90.000
5236724,DHFM_03192025_0008_ (25).JPG,Confirmed,10,0.000,0.000,20.000,0.000,0.000,0.000,0.000,80.000
5236725,DHFM_03192025_0008_ (26).JPG,Confirmed,10,0.000,0.000,0.000,0.000,0.000,0.000,0.000,100.000
5236701,DHFM_03192025_0008_ (2).JPG,Confirmed,10,0.000,0.000,0.000,0.000,0.000,0.000,0.000,100.000
5236702,DHFM_03192025_0008_ (3).JPG,Confirmed,10,0.000,0.000,0.000,0.000,0.000,0.000,0.000,100.000
5236703,DHFM_03192025_0008_ (4).JPG,Confirmed,10,0.000,0.000,0.000,0.000,0.000,0.000,0.000,100.000
5236704,DHFM_03192025_0008_ (5).JPG,Confirmed,10,0.000,0.000,20.000,0.000,0.000,0.000,0.000,80.000
5236705,DHFM_03192025_0008_ (6).JPG,Confirmed,10,10.000,0.000,0.000,0.000,0.000,0.000,0.000,90.000
5236706,DHFM_03192025_0008_ (7).JPG,Confirmed,10,0.000,0.000,0.000,0.000,0.000,10.000,0.000,90.000
5236707,DHFM_03192025_0008_ (8).JPG,Confirmed,10,0.000,0.000,0.000,0.000,0.000,0.000,0.000,100.000
5236708,DHFM_03192025_0008_ (9).JPG,Confirmed,10,30.000,0.000,0.000,0.000,0.000,30.000,0.000,40.000
5235823,DHFM_03192025_0012_ (10).JPG,Confirmed,10,0.000,0.000,0.000,0.000,0.000,0.000,0.000,100.000
5235824,DHFM_03192025_0012_ (11).JPG,Confirmed,10,0.000,0.000,0.000,0.000,0.000,0.000,0.000,100.000
5235825,DHFM_03192025_0012_ (12).JPG,Confirmed,10,0.000,0.000,20.000,0.000,0.000,0.000,0.000,80.000
5235826,DHFM_03192025_0012_ (13).JPG,Confirmed,10,0.000,0.000,0.000,0.000,0.000,0.000,0.000,100.000
5235827,DHFM_03192025_0012_ (14).JPG,Confirmed,10,0.000,0.000,0.000,0.000,0.000,0.000,0.000,100.000
5235829,DHFM_03192025_0012_ (15).JPG,Confirmed,10,0.000,0.000,0.000,0.000,0.000,0.000,0.000,100.000
5235830,DHFM_03192025_0012_ (16).JPG,Confirmed,10,0.000,0.000,0.000,0.000,0.000,0.000,0.000,100.000
5235831,DHFM_03192025_0012_ (17).JPG,Confirmed,10,10.000,0.000,0.000,0.000,0.000,0.000,0.000,90.000
5235832,DHFM_03192025_0012_ (18).JPG,Confirmed,10,0.000,0.000,0.000,0.000,0.000,0.000,0.000,100.000
5235833,DHFM_03192025_0012_ (19).JPG,Confirmed,10,0.000,0.000,0.000,0.000,0.000,0.000,0.000,100.000
5235813,DHFM_03192025_0012_ (1).JPG,Confirmed,10,0.000,0.000,20.000,0.000,0.000,0.000,0.000,80.000
5235834,DHFM_03192025_0012_ (20).JPG,Confirmed,10,0.000,0.000,0.000,0.000,0.000,0.000,0.000,100.000
5235835,DHFM_03192025_0012_ (21).JPG,Confirmed,10,0.000,0.000,0.000,0.000,0.000,0.000,0.000,100.000
5235836,DHFM_03192025_0012_ (22).JPG,Confirmed,10,0.000,0.000,0.000,0.000,0.000,0.000,0.000,100.000
5235837,DHFM_03192025_0012_ (23).JPG,Confirmed,10,0.000,0.000,0.000,0.000,0.000,0.000,0.000,100.000
5235838,DHFM_03192025_0012_ (24).JPG,Confirmed,10,0.000,0.000,10.000,0.000,0.000,0.000,0.000,90.000
5235839,DHFM_03192025_0012_ (25).JPG,Confirmed,10,0.000,0.000,0.000,0.000,0.000,0.000,0.000,100.000
5235841,DHFM_03192025_0012_ (26).JPG,Confirmed,10,0.000,0.000,0.000,0.000,0.000,0.000,10.000,90.000
5235814,DHFM_03192025_0012_ (2).JPG,Confirmed,10,10.000,0.000,0.000,0.000,10.000,0.000,0.000,80.000
5235815,DHFM_03192025_0012_ (3).JPG,Confirmed,10,0.000,0.000,80.000,0.000,0.000,0.000,0.000,20.000
5235816,DHFM_03192025_0012_ (4).JPG,Confirmed,10,0.000,0.000,0.000,0.000,0.000,0.000,0.000,100.000
5235818,DHFM_03192025_0012_ (5).JPG,Confirmed,10,0.000,0.000,0.000,0.000,0.000,0.000,0.000,100.000
5235819,DHFM_03192025_0012_ (6).JPG,Confirmed,10,0.000,0.000,20.000,0.000,0.000,0.000,0.000,80.000
5235820,DHFM_03192025_0012_ (7).JPG,Confirmed,10,0.000,0.000,30.000,0.000,0.000,0.000,0.000,70.000
5235821,DHFM_03192025_0012_ (8).JPG,Confirmed,10,0.000,0.000,10.000,0.000,0.000,0.000,0.000,90.000
5235822,DHFM_03192025_0012_ (9).JPG,Confirmed,10,0.000,0.000,0.000,0.000,0.000,0.000,0.000,100.000
5236735,DHFM_03192025_0013_ (10).JPG,Confirmed,10,0.000,0.000,0.000,0.000,0.000,40.000,0.000,60.000
5236736,DHFM_03192025_0013_ (11).JPG,Confirmed,10,0.000,0.000,10.000,0.000,0.000,10.000,0.000,80.000
5236737,DHFM_03192025_0013_ (12).JPG,Confirmed,10,0.000,0.000,0.000,0.000,0.000,0.000,0.000,100.000
5236738,DHFM_03192025_0013_ (13).JPG,Confirmed,10,0.000,0.000,0.000,0.000,0.000,0.000,0.000,100.000
5236739,DHFM_03192025_0013_ (14).JPG,Confirmed,10,0.000,0.000,0.000,0.000,0.000,10.000,0.000,90.000
5236740,DHFM_03192025_0013_ (15).JPG,Confirmed,10,0.000,0.000,0.000,0.000,0.000,20.000,0.000,80.000
5236741,DHFM_03192025_0013_ (16).JPG,Confirmed,10,0.000,0.000,0.000,0.000,0.000,0.000,0.000,100.000
5236742,DHFM_03192025_0013_ (17).JPG,Confirmed,10,0.000,0.000,0.000,0.000,0.000,0.000,10.000,90.000
5236743,DHFM_03192025_0013_ (18).JPG,Confirmed,10,0.000,0.000,10.000,0.000,0.000,0.000,0.000,90.000
5236744,DHFM_03192025_0013_ (19).JPG,Confirmed,10,0.000,0.000,0.000,0.000,0.000,0.000,0.000,100.000
5236726,DHFM_03192025_0013_ (1).JPG,Confirmed,10,0.000,0.000,0.000,0.000,0.000,10.000,10.000,80.000
5236745,DHFM_03192025_0013_ (20).JPG,Confirmed,10,0.000,0.000,20.000,0.000,0.000,0.000,0.000,80.000
5236746,DHFM_03192025_0013_ (21).JPG,Confirmed,10,0.000,0.000,0.000,0.000,0.000,10.000,0.000,90.000
5236747,DHFM_03192025_0013_ (22).JPG,Confirmed,10,0.000,0.000,0.000,0.000,0.000,40.000,0.000,60.000
5236748,DHFM_03192025_0013_ (23).JPG,Confirmed,10,0.000,0.000,0.000,0.000,0.000,0.000,0.000,100.000
5236749,DHFM_03192025_0013_ (24).JPG,Confirmed,10,0.000,0.000,0.000,0.000,0.000,0.000,0.000,100.000
5236750,DHFM_03192025_0013_ (25).JPG,Confirmed,10,0.000,0.000,0.000,0.000,0.000,30.000,0.000,70.000
5236751,DHFM_03192025_0013_ (26).JPG,Confirmed,10,0.000,0.000,0.000,0.000,0.000,0.000,0.000,100.000
5236727,DHFM_03192025_0013_ (2).JPG,Confirmed,10,0.000,0.000,0.000,0.000,0.000,0.000,0.000,100.000
5236728,DHFM_03192025_0013_ (3).JPG,Confirmed,10,0.000,0.000,0.000,0.000,0.000,0.000,0.000,100.000
5236729,DHFM_03192025_0013_ (4).JPG,Confirmed,10,0.000,0.000,0.000,0.000,0.000,40.000,0.000,60.000
5236730,DHFM_03192025_0013_ (5).JPG,Confirmed,10,0.000,0.000,0.000,0.000,0.000,10.000,0.000,90.000
5236731,DHFM_03192025_0013_ (6).JPG,Confirmed,10,0.000,0.000,0.000,0.000,0.000,80.000,0.000,20.000
5236732,DHFM_03192025_0013_ (7).JPG,Confirmed,10,0.000,0.000,0.000,0.000,0.000,0.000,0.000,100.000
5236733,DHFM_03192025_0013_ (8).JPG,Confirmed,10,0.000,0.000,0.000,0.000,0.000,0.000,0.000,100.000
5236734,DHFM_03192025_0013_ (9).JPG,Confirmed,10,0.000,0.000,0.000,0.000,0.000,0.000,0.000,100.000
5235755,DHFM_03252025_0003_ (10).JPG,Confirmed,10,0.000,0.000,0.000,0.000,0.000,0.000,10.000,90.000
5235756,DHFM_03252025_0003_ (11).JPG,Confirmed,10,0.000,0.000,0.000,0.000,0.000,30.000,0.000,70.000
5235757,DHFM_03252025_0003_ (12).JPG,Confirmed,10,0.000,0.000,0.000,0.000,0.000,0.000,0.000,100.000
5235758,DHFM_03252025_0003_ (13).JPG,Confirmed,10,0.000,0.000,0.000,0.000,0.000,10.000,10.000,80.000
5235759,DHFM_03252025_0003_ (14).JPG,Confirmed,10,0.000,0.000,0.000,0.000,0.000,0.000,0.000,100.000
5235760,DHFM_03252025_0003_ (15).JPG,Confirmed,10,0.000,0.000,0.000,0.000,0.000,0.000,0.000,100.000
5235761,DHFM_03252025_0003_ (16).JPG,Confirmed,10,10.000,0.000,0.000,0.000,0.000,0.000,0.000,90.000
5235762,DHFM_03252025_0003_ (17).JPG,Confirmed,10,0.000,0.000,0.000,0.000,0.000,10.000,10.000,80.000
5235763,DHFM_03252025_0003_ (18).JPG,Confirmed,10,0.000,0.000,0.000,0.000,0.000,0.000,10.000,90.000
5235765,DHFM_03252025_0003_ (19).JPG,Confirmed,10,0.000,0.000,0.000,0.000,0.000,10.000,10.000,80.000
5235745,DHFM_03252025_0003_ (1).JPG,Confirmed,10,10.000,0.000,0.000,0.000,0.000,0.000,0.000,90.000
5235766,DHFM_03252025_0003_ (20).JPG,Confirmed,10,0.000,0.000,0.000,0.000,0.000,30.000,0.000,70.000
5235767,DHFM_03252025_0003_ (21).JPG,Confirmed,10,0.000,0.000,0.000,0.000,0.000,20.000,20.000,60.000
5235768,DHFM_03252025_0003_ (22).JPG,Confirmed,10,0.000,0.000,0.000,0.000,0.000,0.000,0.000,100.000
5235769,DHFM_03252025_0003_ (23).JPG,Confirmed,10,0.000,0.000,0.000,0.000,0.000,20.000,20.000,60.000
5235770,DHFM_03252025_0003_ (24).JPG,Confirmed,10,0.000,0.000,0.000,0.000,0.000,0.000,0.000,100.000
5235771,DHFM_03252025_0003_ (25).JPG,Confirmed,10,0.000,0.000,0.000,0.000,0.000,0.000,40.000,60.000
5235772,DHFM_03252025_0003_ (26).JPG,Confirmed,10,0.000,0.000,0.000,0.000,0.000,0.000,0.000,100.000
5235746,DHFM_03252025_0003_ (2).JPG,Confirmed,10,0.000,0.000,0.000,0.000,0.000,0.000,0.000,100.000
5235747,DHFM_03252025_0003_ (3).JPG,Confirmed,10,0.000,0.000,0.000,0.000,0.000,0.000,0.000,100.000
5235748,DHFM_03252025_0003_ (4).JPG,Confirmed,10,0.000,0.000,0.000,0.000,0.000,20.000,0.000,80.000
5235749,DHFM_03252025_0003_ (5).JPG,Confirmed,10,0.000,0.000,0.000,0.000,0.000,0.000,0.000,100.000
5235750,DHFM_03252025_0003_ (6).JPG,Confirmed,10,0.000,0.000,0.000,0.000,0.000,10.000,10.000,80.000
5235751,DHFM_03252025_0003_ (7).JPG,Confirmed,10,0.000,0.000,0.000,0.000,0.000,30.000,0.000,70.000
5235752,DHFM_03252025_0003_ (8).JPG,Confirmed,10,0.000,0.000,0.000,0.000,0.000,0.000,0.000,100.000
5235753,DHFM_03252025_0003_ (9).JPG,Confirmed,10,0.000,0.000,0.000,0.000,0.000,0.000,0.000,100.000
5235791,DHFM_03252025_0006_ (10).JPG,Confirmed,10,0.000,20.000,0.000,0.000,0.000,0.000,0.000,80.000
5235792,DHFM_03252025_0006_ (11).JPG,Confirmed,10,0.000,0.000,0.000,0.000,0.000,0.000,0.000,100.000
5235793,DHFM_03252025_0006_ (12).JPG,Confirmed,10,0.000,10.000,0.000,0.000,0.000,0.000,0.000,90.000
5235794,DHFM_03252025_0006_ (13).JPG,Confirmed,10,0.000,0.000,0.000,0.000,0.000,0.000,0.000,100.000
5235796,DHFM_03252025_0006_ (14).JPG,Confirmed,10,10.000,0.000,0.000,0.000,0.000,0.000,0.000,90.000
5235797,DHFM_03252025_0006_ (15).JPG,Confirmed,10,10.000,40.000,0.000,0.000,0.000,0.000,0.000,50.000
5235798,DHFM_03252025_0006_ (16).JPG,Confirmed,10,0.000,0.000,0.000,0.000,0.000,0.000,0.000,100.000
5235799,DHFM_03252025_0006_ (17).JPG,Confirmed,10,0.000,10.000,0.000,0.000,0.000,0.000,0.000,90.000
5235800,DHFM_03252025_0006_ (18).JPG,Confirmed,10,0.000,0.000,10.000,0.000,0.000,0.000,0.000,90.000
5235801,DHFM_03252025_0006_ (19).JPG,Confirmed,10,0.000,0.000,10.000,0.000,0.000,0.000,0.000,90.000
5235781,DHFM_03252025_0006_ (1).JPG,Confirmed,10,0.000,0.000,0.000,0.000,0.000,0.000,0.000,100.000
5235802,DHFM_03252025_0006_ (20).JPG,Confirmed,10,0.000,0.000,10.000,0.000,0.000,0.000,0.000,90.000
5235803,DHFM_03252025_0006_ (21).JPG,Confirmed,10,0.000,0.000,30.000,0.000,0.000,0.000,0.000,70.000
5235804,DHFM_03252025_0006_ (22).JPG,Confirmed,10,0.000,0.000,0.000,0.000,0.000,0.000,0.000,100.000
5235805,DHFM_03252025_0006_ (23).JPG,Confirmed,10,0.000,0.000,0.000,0.000,0.000,0.000,0.000,100.000
5235806,DHFM_03252025_0006_ (24).JPG,Confirmed,10,0.000,0.000,30.000,0.000,0.000,0.000,0.000,70.000
5235807,DHFM_03252025_0006_ (25).JPG,Confirmed,10,0.000,0.000,20.000,0.000,0.000,0.000,0.000,80.000
5235808,DHFM_03252025_0006_ (26).JPG,Confirmed,10,0.000,0.000,0.000,0.000,0.000,0.000,0.000,100.000
5235782,DHFM_03252025_0006_ (2).JPG,Confirmed,10,0.000,10.000,10.000,0.000,0.000,0.000,0.000,80.000
5235783,DHFM_03252025_0006_ (3).JPG,Confirmed,10,0.000,0.000,0.000,0.000,0.000,0.000,0.000,100.000
5235784,DHFM_03252025_0006_ (4).JPG,Confirmed,10,0.000,0.000,10.000,0.000,0.000,10.000,0.000,80.000
5235785,DHFM_03252025_0006_ (5).JPG,Confirmed,10,0.000,0.000,0.000,0.000,0.000,10.000,0.000,90.000
5235787,DHFM_03252025_0006_ (6).JPG,Confirmed,10,0.000,0.000,0.000,0.000,0.000,0.000,0.000,100.000
5235788,DHFM_03252025_0006_ (7).JPG,Confirmed,10,0.000,0.000,0.000,0.000,0.000,0.000,0.000,100.000
5235789,DHFM_03252025_0006_ (8).JPG,Confirmed,10,0.000,0.000,0.000,0.000,0.000,0.000,0.000,100.000
5235790,DHFM_03252025_0006_ (9).JPG,Confirmed,10,0.000,10.000,10.000,0.000,0.000,0.000,0.000,80.000
ALL IMAGES,,,,1.306,0.772,8.398,0.000,0.297,4.036,5.608,79.585
